{
  "offset": 780222447,
  "ultima_checagem": 1784320439.7564793,
  "ultima_postagem": 1783176668.250406
}