{
  "offset": 780222447,
  "ultima_checagem": 1783991075.550984,
  "ultima_postagem": 1783176668.250406
}