{
  "offset": 780222447,
  "ultima_checagem": 1784546017.9314213,
  "ultima_postagem": 1783176668.250406
}