{
  "offset": 780222447,
  "ultima_checagem": 1784632787.6497455,
  "ultima_postagem": 1783176668.250406
}