{
  "offset": 780222447,
  "ultima_checagem": 1783252522.57958,
  "ultima_postagem": 1783176668.250406
}