{
  "offset": 780222447,
  "ultima_checagem": 1784807844.3231285,
  "ultima_postagem": 1783176668.250406
}