{
  "offset": 780222447,
  "ultima_checagem": 1784867634.0239398,
  "ultima_postagem": 1783176668.250406
}