{
  "offset": 780222447,
  "ultima_checagem": 1783964522.1458223,
  "ultima_postagem": 1783176668.250406
}