{
  "offset": 780222447,
  "ultima_checagem": 1783672900.7138865,
  "ultima_postagem": 1783176668.250406
}