{
  "offset": 780222447,
  "ultima_checagem": 1784574407.6391017,
  "ultima_postagem": 1783176668.250406
}