{
  "offset": 780222447,
  "ultima_checagem": 1784523333.760368,
  "ultima_postagem": 1783176668.250406
}