{
  "offset": 780222447,
  "ultima_checagem": 1783413835.488516,
  "ultima_postagem": 1783176668.250406
}