{
  "offset": 780222447,
  "ultima_checagem": 1783361741.1428819,
  "ultima_postagem": 1783176668.250406
}