{
  "offset": 780222447,
  "ultima_checagem": 1783768780.3228803,
  "ultima_postagem": 1783176668.250406
}