{
  "offset": 780222447,
  "ultima_checagem": 1783744158.334955,
  "ultima_postagem": 1783176668.250406
}