{
  "offset": 780222447,
  "ultima_checagem": 1784917506.0349514,
  "ultima_postagem": 1783176668.250406
}