{
  "offset": 780222447,
  "ultima_checagem": 1784044675.0285232,
  "ultima_postagem": 1783176668.250406
}