{
  "offset": 780222447,
  "ultima_checagem": 1783571451.417068,
  "ultima_postagem": 1783176668.250406
}