{
  "offset": 780222447,
  "ultima_checagem": 1784222667.5482697,
  "ultima_postagem": 1783176668.250406
}