{
  "offset": 780222447,
  "ultima_checagem": 1783277172.3367195,
  "ultima_postagem": 1783176668.250406
}