{
  "offset": 780222447,
  "ultima_checagem": 1784297078.032271,
  "ultima_postagem": 1783176668.250406
}