{
  "offset": 780222447,
  "ultima_checagem": 1783859947.8585427,
  "ultima_postagem": 1783176668.250406
}