{
  "offset": 780222447,
  "ultima_checagem": 1783543509.0188868,
  "ultima_postagem": 1783176668.250406
}