{
  "offset": 780222447,
  "ultima_checagem": 1783791042.7352183,
  "ultima_postagem": 1783176668.250406
}