{
  "offset": 780222447,
  "ultima_checagem": 1783721798.5362487,
  "ultima_postagem": 1783176668.250406
}