{
  "offset": 780222447,
  "ultima_checagem": 1783621711.7387915,
  "ultima_postagem": 1783176668.250406
}