{
  "offset": 780222447,
  "ultima_checagem": 1784445358.395446,
  "ultima_postagem": 1783176668.250406
}