{
  "offset": 780222447,
  "ultima_checagem": 1784116993.2942753,
  "ultima_postagem": 1783176668.250406
}