{
  "offset": 780222447,
  "ultima_checagem": 1783494953.7605228,
  "ultima_postagem": 1783176668.250406
}