{
  "offset": 780222447,
  "ultima_checagem": 1783386553.5473251,
  "ultima_postagem": 1783176668.250406
}