{
  "offset": 780222447,
  "ultima_checagem": 1784198172.368715,
  "ultima_postagem": 1783176668.250406
}