{
  "offset": 780222447,
  "ultima_checagem": 1784398086.7845747,
  "ultima_postagem": 1783176668.250406
}