{
  "offset": 780222447,
  "ultima_checagem": 1784348101.9450345,
  "ultima_postagem": 1783176668.250406
}