{
  "offset": 780222447,
  "ultima_checagem": 1783881588.8639755,
  "ultima_postagem": 1783176668.250406
}