{
  "offset": 780222447,
  "ultima_checagem": 1784893451.6142018,
  "ultima_postagem": 1783176668.250406
}