{
  "offset": 780222447,
  "ultima_checagem": 1784725138.0287807,
  "ultima_postagem": 1783176668.250406
}