{
  "offset": 780222447,
  "ultima_checagem": 1783936790.1846237,
  "ultima_postagem": 1783176668.250406
}