{
  "offset": 780222447,
  "ultima_checagem": 1783194931.9013903,
  "ultima_postagem": 1783176668.250406
}