{
  "offset": 780222447,
  "ultima_checagem": 1784493092.064307,
  "ultima_postagem": 1783176668.250406
}