{
  "offset": 780222447,
  "ultima_checagem": 1784140702.498954,
  "ultima_postagem": 1783176668.250406
}