{
  "offset": 780222447,
  "ultima_checagem": 1784019309.1871514,
  "ultima_postagem": 1783176668.250406
}