{
  "offset": 780222447,
  "ultima_checagem": 1783340102.554242,
  "ultima_postagem": 1783176668.250406
}