{
  "offset": 780222447,
  "ultima_checagem": 1784679020.4228354,
  "ultima_postagem": 1783176668.250406
}