{
  "offset": 780222447,
  "ultima_checagem": 1783309494.5636582,
  "ultima_postagem": 1783176668.250406
}