{
  "offset": 780222447,
  "ultima_checagem": 1784244334.0561595,
  "ultima_postagem": 1783176668.250406
}