{
  "offset": 780222447,
  "ultima_checagem": 1784270388.765662,
  "ultima_postagem": 1783176668.250406
}