{
  "offset": 780222447,
  "ultima_checagem": 1783441976.3074865,
  "ultima_postagem": 1783176668.250406
}