{
  "offset": 780222447,
  "ultima_checagem": 1783814218.7334135,
  "ultima_postagem": 1783176668.250406
}