{
  "offset": 780222447,
  "ultima_checagem": 1784749432.733499,
  "ultima_postagem": 1783176668.250406
}