{
  "offset": 780222447,
  "ultima_checagem": 1784605542.6912794,
  "ultima_postagem": 1783176668.250406
}