{
  "offset": 780222447,
  "ultima_checagem": 1783913574.8162744,
  "ultima_postagem": 1783176668.250406
}