{
  "offset": 780222447,
  "ultima_checagem": 1784095177.1115842,
  "ultima_postagem": 1783176668.250406
}