{
  "offset": 780222447,
  "ultima_checagem": 1784423071.89098,
  "ultima_postagem": 1783176668.250406
}