{
  "offset": 780222447,
  "ultima_checagem": 1784656848.9005463,
  "ultima_postagem": 1783176668.250406
}