{
  "offset": 780222447,
  "ultima_checagem": 1784781288.6341166,
  "ultima_postagem": 1783176668.250406
}