{
  "offset": 780222447,
  "ultima_checagem": 1784067167.1363764,
  "ultima_postagem": 1783176668.250406
}