{
  "offset": 780222447,
  "ultima_checagem": 1783699724.1897352,
  "ultima_postagem": 1783176668.250406
}