{
  "offset": 780222447,
  "ultima_checagem": 1783226429.7559137,
  "ultima_postagem": 1783176668.250406
}