{
  "offset": 780222447,
  "ultima_checagem": 1783596080.930458,
  "ultima_postagem": 1783176668.250406
}