{
  "offset": 780222447,
  "ultima_checagem": 1783837191.2050486,
  "ultima_postagem": 1783176668.250406
}