{
  "offset": 780222447,
  "ultima_checagem": 1784173302.266193,
  "ultima_postagem": 1783176668.250406
}