{
  "offset": 780222447,
  "ultima_checagem": 1784701815.606937,
  "ultima_postagem": 1783176668.250406
}