{
  "offset": 780222447,
  "ultima_checagem": 1784468719.3180513,
  "ultima_postagem": 1783176668.250406
}